{
  "Age": {
    "mean": 39.37315349157956,
    "std": 12.442369490866625,
    "min": 18.0,
    "max": 65.0,
    "null_ratio": 0.0,
    "type": "numeric"
  },
  "Gender": {
    "categories": [
      "Female",
      "Male"
    ],
    "n_unique": 2,
    "null_ratio": 0.0,
    "type": "categorical"
  },
  "Support Calls": {
    "mean": 3.6044366107723578,
    "std": 3.070217877688797,
    "min": 0.0,
    "max": 10.0,
    "null_ratio": 0.0,
    "type": "numeric"
  },
  "Payment Delay": {
    "mean": 12.965721635452962,
    "std": 8.258062517501818,
    "min": 0.0,
    "max": 30.0,
    "null_ratio": 0.0,
    "type": "numeric"
  },
  "Total Spend": {
    "mean": 631.6162227787457,
    "std": 240.8030011205686,
    "min": 100.0,
    "max": 1000.0,
    "null_ratio": 0.0,
    "type": "numeric"
  },
  "Last Interaction": {
    "mean": 14.480867995063878,
    "std": 8.59620768302461,
    "min": 1.0,
    "max": 30.0,
    "null_ratio": 0.0,
    "type": "numeric"
  }
}