{
  "version": "run_20260416_160817",
  "timestamp": "2026-04-16T16:18:33.302347",
  "metrics": {
    "accuracy": 0.9844272800480905,
    "precision": 0.9998766422007032,
    "recall": 0.97266,
    "f1": 0.986080556372226,
    "f1_macro": 0.9842044457644643,
    "roc_auc": 0.9880822721198941
  },
  "feature_names": [
    "Age",
    "Gender",
    "Support Calls",
    "Payment Delay",
    "Total Spend",
    "Last Interaction"
  ],
  "best_params": {
    "model__n_estimators": 100,
    "model__min_samples_split": 5,
    "model__min_samples_leaf": 1,
    "model__max_features": null,
    "model__max_depth": 15
  },
  "mlflow_run_id": "c4b8ebd4ee3d4e89927544ad032cdd4c",
  "samples": {
    "train": 352665,
    "test": 88167
  }
}